Requêtes les plus fréquentes,Clics,Impressions,CTR,Position
loi 25 résumé,0,92,0%,31.29
loi 25,0,73,0%,36.18
c'est quoi la loi 25,0,18,0%,61.83
qu est ce que la loi 25,0,16,0%,76.69
outils loi 25,0,9,0%,49.56
loi 25 renseignements personnels,0,9,0%,68
évaluation loi 25,0,6,0%,15.17
c'est quoi la loi 25 au québec,0,6,0%,67.17
loi 25 québec,0,5,0%,72
loi 25 automation,0,4,0%,25.75
5121 boulevard chauveau ouest,0,1,0%,47
loi 25 canada,0,1,0%,56
loi 25 sur la protection des renseignements personnels,0,1,0%,75
loi c 25,0,1,0%,83
loi 25 protection des renseignements personnels,0,1,0%,87
loi25,0,1,0%,87
loi c25,0,1,0%,92
loi 25 entrée en vigueur,0,1,0%,94
loi 25 quebec,0,1,0%,98